dgp_id,estimator,outcome,treatment,expected_seeds,attempted_seeds,valid_estimates,failed_or_unidentified_estimates,bias,rmse,coverage,coverage_denominator,false_positive_rate,false_positive_denominator,bootstrap_requested_total,bootstrap_successful_total,scenario_probability_rmse,coverage_lower,coverage_upper,false_positive_lower,false_positive_upper,covered_seeds,false_positive_seeds,undercoverage_p_one_sided,undercoverage_p_holm_36
COLLINEAR_PRICE,adjusted_ols,X,X,100,100,0,100,,,,0,,0,0,0,,,,,,0,0,,
COLLINEAR_PRICE,adjusted_ols,X,Y,100,100,0,100,,,,0,,0,0,0,,,,,,0,0,,
COLLINEAR_PRICE,adjusted_ols,Y,X,100,100,0,100,,,,0,,0,0,0,,,,,,0,0,,
COLLINEAR_PRICE,adjusted_ols,Y,Y,100,100,0,100,,,,0,,0,0,0,,,,,,0,0,,
COLLINEAR_PRICE,dml,X,X,100,100,0,100,,,,0,,0,0,0,,,,,,0,0,,
COLLINEAR_PRICE,dml,X,Y,100,100,0,100,,,,0,,0,0,0,,,,,,0,0,,
COLLINEAR_PRICE,dml,Y,X,100,100,0,100,,,,0,,0,0,0,,,,,,0,0,,
COLLINEAR_PRICE,dml,Y,Y,100,100,0,100,,,,0,,0,0,0,,,,,,0,0,,
COLLINEAR_PRICE,naive_ols,X,X,100,100,0,100,,,,0,,0,0,0,,,,,,0,0,,
COLLINEAR_PRICE,naive_ols,X,Y,100,100,0,100,,,,0,,0,0,0,,,,,,0,0,,
COLLINEAR_PRICE,naive_ols,Y,X,100,100,0,100,,,,0,,0,0,0,,,,,,0,0,,
COLLINEAR_PRICE,naive_ols,Y,Y,100,100,0,100,,,,0,,0,0,0,,,,,,0,0,,
HIDDEN_CONFOUNDING,adjusted_ols,X,X,100,100,100,0,0.019550393106172046,0.022898649064393792,0.61,100,,0,19900,19900,0.013850389892097288,0.5073144796323634,0.7059895851465829,,,61,0,,
HIDDEN_CONFOUNDING,adjusted_ols,X,Y,100,100,100,0,0.025142645354637123,0.0278360135576549,0.41,100,,0,19900,19900,0.013850389892097288,0.31261997656757085,0.5128557962332292,,,41,0,,
HIDDEN_CONFOUNDING,adjusted_ols,Y,X,100,100,100,0,0.0163193274820448,0.0200772552211507,0.67,100,,0,19900,19900,0.013850389892097288,0.5688272492224369,0.7608014653773982,,,67,0,,
HIDDEN_CONFOUNDING,adjusted_ols,Y,Y,100,100,100,0,0.022593310736765376,0.025227650041758524,0.47,100,,0,19900,19900,0.013850389892097288,0.3694051641943945,0.5724185151099548,,,47,0,,
HIDDEN_CONFOUNDING,dml,X,X,100,100,100,0,0.0204275937872199,0.023715101060334667,0.59,100,,0,19900,19900,0.013876574879137333,0.48714420376677076,0.6873800234324292,,,59,0,,
HIDDEN_CONFOUNDING,dml,X,Y,100,100,100,0,0.025052024511474213,0.027878057621774845,0.47,100,,0,19900,19900,0.013876574879137333,0.3694051641943945,0.5724185151099548,,,47,0,,
HIDDEN_CONFOUNDING,dml,Y,X,100,100,100,0,0.01719917529809211,0.020905288984282986,0.67,100,,0,19900,19900,0.013876574879137333,0.5688272492224369,0.7608014653773982,,,67,0,,
HIDDEN_CONFOUNDING,dml,Y,Y,100,100,100,0,0.024061018549735927,0.026657446451226342,0.43,100,,0,19900,19900,0.013876574879137333,0.3313910166313832,0.5328662616751537,,,43,0,,
HIDDEN_CONFOUNDING,naive_ols,X,X,100,100,100,0,0.13007298979089357,0.1306176297164844,0.0,100,,0,19900,19900,0.021053103829583163,0.0,0.03621669264517641,,,0,0,,
HIDDEN_CONFOUNDING,naive_ols,X,Y,100,100,100,0,0.10740985999904053,0.10816773009103733,0.0,100,,0,19900,19900,0.021053103829583163,0.0,0.03621669264517641,,,0,0,,
HIDDEN_CONFOUNDING,naive_ols,Y,X,100,100,100,0,0.09827987488370886,0.09890350981035984,0.0,100,,0,19900,19900,0.021053103829583163,0.0,0.03621669264517641,,,0,0,,
HIDDEN_CONFOUNDING,naive_ols,Y,Y,100,100,100,0,0.06382638803250917,0.06487157158880098,0.0,100,,0,19900,19900,0.021053103829583163,0.0,0.03621669264517641,,,0,0,,
NULL_EFFECT,adjusted_ols,X,X,100,100,100,0,-2.9924257829063795e-06,0.010316458351683912,0.94,100,0.06,100,19900,19900,0.003608266776696912,0.873970065419177,0.9776651139286836,0.022334886071316368,0.12602993458082298,94,6,0.3840008720438596,1.0
NULL_EFFECT,adjusted_ols,X,Y,100,100,100,0,-0.0006427722955457409,0.011479083890120896,0.92,100,0.08,100,19900,19900,0.003608266776696912,0.848442364135579,0.9648284374818372,0.0351715625181628,0.15155763586442098,92,8,0.12796047862037954,1.0
NULL_EFFECT,adjusted_ols,Y,X,100,100,100,0,0.0009152956437549056,0.009694160443094983,0.92,100,0.08,100,19900,19900,0.003608266776696912,0.848442364135579,0.9648284374818372,0.0351715625181628,0.15155763586442098,92,8,0.12796047862037954,1.0
NULL_EFFECT,adjusted_ols,Y,Y,100,100,100,0,0.001834497096615666,0.011446625955591618,0.92,100,0.08,100,19900,19900,0.003608266776696912,0.848442364135579,0.9648284374818372,0.0351715625181628,0.15155763586442098,92,8,0.12796047862037954,1.0
NULL_EFFECT,dml,X,X,100,100,100,0,-3.090330886944511e-05,0.010692906352691992,0.93,100,0.07,100,19900,19900,0.0036166575554147863,0.8610802715441427,0.9713947110925613,0.028605288907438697,0.13891972845585732,93,7,0.23398601598516852,1.0
NULL_EFFECT,dml,X,Y,100,100,100,0,-0.0011302346699874272,0.011713730207753908,0.93,100,0.07,100,19900,19900,0.0036166575554147863,0.8610802715441427,0.9713947110925613,0.028605288907438697,0.13891972845585732,93,7,0.23398601598516852,1.0
NULL_EFFECT,dml,Y,X,100,100,100,0,0.0007109564104847093,0.009828143034621265,0.95,100,0.05,100,19900,19900,0.0036166575554147863,0.8871650888945373,0.9835681208179479,0.016431879182052155,0.11283491110546275,95,5,0.5640186993142872,1.0
NULL_EFFECT,dml,Y,Y,100,100,100,0,0.0021361160950113625,0.011758055833580664,0.92,100,0.08,100,19900,19900,0.0036166575554147863,0.848442364135579,0.9648284374818372,0.0351715625181628,0.15155763586442098,92,8,0.12796047862037954,1.0
NULL_EFFECT,naive_ols,X,X,100,100,100,0,-0.0004008384411396589,0.011937736728647348,0.92,100,0.08,100,19900,19900,0.003653096195543924,0.848442364135579,0.9648284374818372,0.0351715625181628,0.15155763586442098,92,8,0.12796047862037954,1.0
NULL_EFFECT,naive_ols,X,Y,100,100,100,0,-0.0003946490117073511,0.012574012958676675,0.93,100,0.07,100,19900,19900,0.003653096195543924,0.8610802715441427,0.9713947110925613,0.028605288907438697,0.13891972845585732,93,7,0.23398601598516852,1.0
NULL_EFFECT,naive_ols,Y,X,100,100,100,0,0.0002513669782779942,0.010875163364120755,0.93,100,0.07,100,19900,19900,0.003653096195543924,0.8610802715441427,0.9713947110925613,0.028605288907438697,0.13891972845585732,93,7,0.23398601598516852,1.0
NULL_EFFECT,naive_ols,Y,Y,100,100,100,0,0.002044812415752973,0.011473850915648533,0.95,100,0.05,100,19900,19900,0.003653096195543924,0.8871650888945373,0.9835681208179479,0.016431879182052155,0.11283491110546275,95,5,0.5640186993142872,1.0
OBSERVED_CONFOUNDING,adjusted_ols,X,X,100,100,100,0,-8.456250799530718e-05,0.01217730561853303,0.94,100,,0,19900,19900,0.0037581079272321263,0.873970065419177,0.9776651139286836,,,94,0,0.3840008720438596,1.0
OBSERVED_CONFOUNDING,adjusted_ols,X,Y,100,100,100,0,-0.0012449347618923945,0.012059086998338152,0.96,100,,0,19900,19900,0.0037581079272321263,0.90074284328734,0.9889955060138118,,,96,0,0.7421613408839832,1.0
OBSERVED_CONFOUNDING,adjusted_ols,Y,X,100,100,100,0,0.0011397601401711818,0.011266186135783778,0.93,100,,0,19900,19900,0.0037581079272321263,0.8610802715441427,0.9713947110925613,,,93,0,0.23398601598516852,1.0
OBSERVED_CONFOUNDING,adjusted_ols,Y,Y,100,100,100,0,0.0017271305950265286,0.012319145877119289,0.89,100,,0,19900,19900,0.0037581079272321263,0.8116988678035574,0.9437929797145125,,,89,0,0.011472410067484739,0.3441723020245422
OBSERVED_CONFOUNDING,dml,X,X,100,100,100,0,0.0014704618135738224,0.012531960387275892,0.93,100,,0,19900,19900,0.003777051639067847,0.8610802715441427,0.9713947110925613,,,93,0,0.23398601598516852,1.0
OBSERVED_CONFOUNDING,dml,X,Y,100,100,100,0,-0.0015486166862498445,0.01218290285012524,0.95,100,,0,19900,19900,0.003777051639067847,0.8871650888945373,0.9835681208179479,,,95,0,0.5640186993142872,1.0
OBSERVED_CONFOUNDING,dml,Y,X,100,100,100,0,0.0011227264514800297,0.011495847897344836,0.95,100,,0,19900,19900,0.003777051639067847,0.8871650888945373,0.9835681208179479,,,95,0,0.5640186993142872,1.0
OBSERVED_CONFOUNDING,dml,Y,Y,100,100,100,0,0.003462878448730297,0.012797640238261125,0.89,100,,0,19900,19900,0.003777051639067847,0.8116988678035574,0.9437929797145125,,,89,0,0.011472410067484739,0.3441723020245422
OBSERVED_CONFOUNDING,naive_ols,X,X,100,100,100,0,0.12979282332481065,0.13036776917140114,0.0,100,,0,19900,19900,0.01668022455792503,0.0,0.03621669264517641,,,0,0,7.88860905221082e-131,2.8398992587958953e-129
OBSERVED_CONFOUNDING,naive_ols,X,Y,100,100,100,0,0.09350338868684796,0.09434110875002207,0.0,100,,0,19900,19900,0.01668022455792503,0.0,0.03621669264517641,,,0,0,7.88860905221082e-131,2.8398992587958953e-129
OBSERVED_CONFOUNDING,naive_ols,Y,X,100,100,100,0,0.0979934239923787,0.09850765966047804,0.0,100,,0,19900,19900,0.01668022455792503,0.0,0.03621669264517641,,,0,0,7.88860905221082e-131,2.8398992587958953e-129
OBSERVED_CONFOUNDING,naive_ols,Y,Y,100,100,100,0,0.04842100475197004,0.04982440476280103,0.04,100,,0,19900,19900,0.01668022455792503,0.011004493986188198,0.09925715671265996,,,4,0,4.039984300751637e-119,1.3331948192480401e-117
RCT_SYN,adjusted_ols,X,X,100,100,100,0,6.098078149216368e-05,0.010373622598345188,0.91,100,,0,19900,19900,0.003591091799617672,0.8360177449703647,0.9580164043716077,,,91,0,0.06308959062744897,1.0
RCT_SYN,adjusted_ols,X,Y,100,100,100,0,-0.0007104741097759948,0.011334926207138848,0.93,100,,0,19900,19900,0.003591091799617672,0.8610802715441427,0.9713947110925613,,,93,0,0.23398601598516852,1.0
RCT_SYN,adjusted_ols,Y,X,100,100,100,0,0.0012227938414929608,0.009462772872926468,0.95,100,,0,19900,19900,0.003591091799617672,0.8871650888945373,0.9835681208179479,,,95,0,0.5640186993142872,1.0
RCT_SYN,adjusted_ols,Y,Y,100,100,100,0,0.0013001730423947422,0.012603150920375887,0.86,100,,0,19900,19900,0.003591091799617672,0.7762720186294322,0.9212945950730342,,,86,0,0.00046327338320382126,0.01482474826252228
RCT_SYN,dml,X,X,100,100,100,0,-0.00019458202945351832,0.010649328264806478,0.92,100,,0,19900,19900,0.0036019348486415526,0.848442364135579,0.9648284374818372,,,92,0,0.12796047862037954,1.0
RCT_SYN,dml,X,Y,100,100,100,0,-0.0007521915902576824,0.011541119194016815,0.93,100,,0,19900,19900,0.0036019348486415526,0.8610802715441427,0.9713947110925613,,,93,0,0.23398601598516852,1.0
RCT_SYN,dml,Y,X,100,100,100,0,0.0013603362563257945,0.00968754814110222,0.94,100,,0,19900,19900,0.0036019348486415526,0.873970065419177,0.9776651139286836,,,94,0,0.3840008720438596,1.0
RCT_SYN,dml,Y,Y,100,100,100,0,0.0016946638296261513,0.01268049368864742,0.86,100,,0,19900,19900,0.0036019348486415526,0.7762720186294322,0.9212945950730342,,,86,0,0.00046327338320382126,0.01482474826252228
RCT_SYN,naive_ols,X,X,100,100,100,0,-0.0003472501128381833,0.012012946293854737,0.92,100,,0,19900,19900,0.0036368790477924757,0.848442364135579,0.9648284374818372,,,92,0,0.12796047862037954,1.0
RCT_SYN,naive_ols,X,Y,100,100,100,0,-0.00044445592105052406,0.012426891234972553,0.93,100,,0,19900,19900,0.0036368790477924757,0.8610802715441427,0.9713947110925613,,,93,0,0.23398601598516852,1.0
RCT_SYN,naive_ols,Y,X,100,100,100,0,0.0005759681667217291,0.010585505941283248,0.96,100,,0,19900,19900,0.0036368790477924757,0.90074284328734,0.9889955060138118,,,96,0,0.7421613408839832,1.0
RCT_SYN,naive_ols,Y,Y,100,100,100,0,0.001488588101678372,0.012475281290790953,0.9,100,,0,19900,19900,0.0036368790477924757,0.8237774022599773,0.9509953107785141,,,90,0,0.028188294163416283,0.7892722365756559
