dgp_id,estimator,max_abs_bias,max_theta_rmse,coverage_min,coverage_max,scenario_probability_rmse,null_fp_min,null_fp_max
COLLINEAR_PRICE,adjusted_ols,,,,,,,
COLLINEAR_PRICE,dml,,,,,,,
COLLINEAR_PRICE,naive_ols,,,,,,,
HIDDEN_CONFOUNDING,adjusted_ols,0.025142645354637123,0.0278360135576549,0.41,0.67,0.013850389892097288,,
HIDDEN_CONFOUNDING,dml,0.025052024511474213,0.027878057621774845,0.43,0.67,0.013876574879137333,,
HIDDEN_CONFOUNDING,naive_ols,0.13007298979089357,0.1306176297164844,0.0,0.0,0.021053103829583163,,
NULL_EFFECT,adjusted_ols,0.001834497096615666,0.011479083890120896,0.92,0.94,0.003608266776696912,0.06,0.08
NULL_EFFECT,dml,0.0021361160950113625,0.011758055833580664,0.92,0.95,0.0036166575554147863,0.05,0.08
NULL_EFFECT,naive_ols,0.002044812415752973,0.012574012958676675,0.92,0.95,0.003653096195543924,0.05,0.08
OBSERVED_CONFOUNDING,adjusted_ols,0.0017271305950265286,0.012319145877119289,0.89,0.96,0.0037581079272321263,,
OBSERVED_CONFOUNDING,dml,0.003462878448730297,0.012797640238261125,0.89,0.95,0.003777051639067847,,
OBSERVED_CONFOUNDING,naive_ols,0.12979282332481065,0.13036776917140114,0.0,0.04,0.01668022455792503,,
RCT_SYN,adjusted_ols,0.0013001730423947422,0.012603150920375887,0.86,0.95,0.003591091799617672,,
RCT_SYN,dml,0.0016946638296261513,0.01268049368864742,0.86,0.94,0.0036019348486415526,,
RCT_SYN,naive_ols,0.001488588101678372,0.012475281290790953,0.9,0.96,0.0036368790477924757,,
